{
    "Taboo": [
        -0.08836015801402013,
        -0.13609962398703013,
        -0.22533453265756007,
        -0.03911245395490581,
        -0.14395458521711652,
        -0.045542356439110886,
        0.04388747912322937,
        -0.05088343001355565,
        0.0,
        -0.0029023290070065537,
        -0.12588371913372332,
        -0.12285154828750408,
        -0.4395667227458491,
        -0.09103699212596683,
        -0.12573285983976723,
        -0.19191042918527432,
        -0.106214484810196,
        -0.17340722420587196,
        -0.6883019901670763,
        0.0
    ],
    "Bluffing": [
        -0.08561584227285067,
        -0.02311344904837838,
        0.12356743402600999,
        0.122133517976674,
        -0.1113977534916441,
        -0.14777780283280845,
        0.012916380027780323,
        -0.011530820936626761,
        0.0,
        0.0,
        0.1322954591383235,
        -0.10075803359950385,
        -0.1523557620906637,
        0.049226908984872184,
        -0.09781947426020252,
        -0.06325975274738527,
        0.016747418550390497,
        -0.025713437079518977,
        -0.1208183365518441,
        0.0
    ],
    "Akinator": [
        -0.0020529459373698497,
        0.01645019463629991,
        0.08466232478833867,
        0.02223430436530627,
        -0.02351917883798718,
        0.07668635591057074,
        0.0,
        0.005621503879038598,
        0.0,
        0.0,
        0.16438118410703736,
        -0.022751315493508967,
        0.03845269019066872,
        0.07074385824174659,
        -0.03587536851926973,
        0.06077751871902677,
        0.11210125511375066,
        -0.027664704751057173,
        0.1800825588041971,
        0.0
    ]
}