{
    "Akinator": [
        -0.0020434890811016375,
        0.018019440151781512,
        0.08269044073544922,
        0.023546382822421878,
        -0.025428836261694853,
        0.07919390125195039,
        0.0,
        -0.004578505551188585,
        0.0,
        0.005,
        0.1496032036299523,
        -0.0001706813418140699,
        0.02696681177947978,
        0.0744722051143981,
        -0.03837995998593087,
        0.05523974033812132,
        0.11746823547781961,
        -0.03240088687679006,
        0.17639933406761793,
        0.0
    ],
    "Taboo": [
        -0.09726515214108579,
        -0.1345525012161998,
        -0.22221081336452467,
        -0.04766143839697927,
        -0.13378602583954274,
        -0.03597213024183168,
        0.037228645614197434,
        -0.048959841013102884,
        0.0,
        -0.0074245461014596,
        -0.20969367392231078,
        -0.12401624990410501,
        -0.3568938788741131,
        -0.08047887317363098,
        -0.1155199903776367,
        -0.1954886670423446,
        -0.11137566750484082,
        -0.1877406046020761,
        -0.6906038027005295,
        0.0
    ],
    "Bluffing": [
        -0.07978550238657221,
        -0.019707577238825894,
        0.1340818835195429,
        0.12822765547427353,
        -0.11167121948317502,
        -0.14532755530201855,
        0.011905658674044377,
        -0.029752363108529013,
        0.0,
        -0.004874072827325086,
        0.10375642225231119,
        -0.018672040594709137,
        -0.20198747433618708,
        0.042077694802793816,
        -0.08710696579301871,
        -0.07500016166834017,
        0.025872988359609876,
        -0.0227466483796299,
        -0.11690309267858512,
        0.0
    ]
}