{
    "Taboo": [
        0.0,
        -0.09276562939275675,
        -0.10757361344900708,
        -0.04185823129305156,
        -0.04906764979835759,
        0.012257848996125132,
        0.01896906884944788,
        0.0,
        0.0,
        -0.004159560490359399,
        -0.047886399622999704,
        -0.09514692211929243,
        -0.12116444483566724,
        -0.04942071710846341,
        -0.03665366784362342,
        -0.018420387860237072,
        -0.09951624463024852,
        -0.060186749135386894,
        -0.2641977665779592,
        0.0
    ],
    "Akinator": [
        0.0,
        0.007353891648800822,
        -0.0027933300414787338,
        -0.001070835232315056,
        -0.012834723178187612,
        0.026997903603771068,
        0.0,
        0.0,
        0.0,
        0.0,
        0.06554087843145034,
        -0.020868152741209435,
        -0.027019818889650424,
        -0.02234637806935188,
        -0.011353052105836557,
        -0.007245117569038168,
        0.05666483637322511,
        0.0019326181715919816,
        0.017652906800590486,
        0.0
    ],
    "Bluffing": [
        0.0,
        -0.0034538490801297433,
        -0.01564910663857264,
        0.048457546945409644,
        -0.08144432091634961,
        -0.10850154688512338,
        0.02347057955540061,
        0.0,
        0.0,
        0.0,
        0.033247925703717596,
        -0.10361013221345247,
        -0.06675849050963022,
        -0.03485060803534959,
        -0.07832320799564889,
        -0.0055568836401065835,
        0.021001631776169382,
        -0.03939162912442946,
        -0.13712069701936508,
        0.0
    ]
}